Windows 8 で、コマンドプロンプトの起動方法が知りたい,197093,3,,,,,,
Windows で、PCの動作速度が全体的に遅いので、どうにかしたい,197666,3,,,,,,
Windows 8 で、スタート画面のライブタイルのオン/オフを変更する方法が知りたい,197685,3,,,,,,
Windows 8 で、スタート画面のタイルを小さくする方法が知りたい,197932,3,198094,2,,,,
Windows XP で、2013/06/12公開の Windows アップデート後、ストップエラーが発生する,198078,3,,,,,,
Windows 8 で、スタート画面のタイルを大きくする方法が知りたい,198094,3,197932,2,,,,
Windows XP で、偽ウイルス対策ソフトの対処方法が知りたい,198367,3,,,,,,
オフィストンネリングキットで、第2パスワードを確認する方法が知りたい,198634,3,,,,,,
オフィストンネリングキットで、「証明書による認証に失敗しました」のエラーが表示され、接続できない,198636,3,,,,,,
Windows で、ファイル名の一覧をクリップボードにコピーする方法が知りたい,198708,3,,,,,,
Windows で、コマンドプロンプトの出力をクリップボードにリダイレクトする方法が知りたい,198709,3,,,,,,
ATOK2012で、Windos 8 のスタート画面で日本語入力ができない,198949,3,,,,,,
Windows 8 の、Outlook2010 で電子メールアカウントを設定したい,198950,3,,,,,,
Windows 8 で、完全シャットダウンの方法が知りたい,198954,3,211842,2,,,,
Windows 8 で、 Outlook 2007 で電子メールアカウントを設定したい,198957,3,,,,,,
Windows 8 で、IPアドレスのコマンドプロンプトでの確認方法が知りたい,199546,3,199547,2,,,,
Windows 8 で、IPアドレスのローカルエリア接続状態での確認方法が知りたい,199547,3,199546,2,,,,
たよれーるDMS管理画面からAndroid端末を削除した場合の端末の挙動や操作が知りたい,199549,3,,,,,,
Windows 8 の、Outlook2013 で、新着メッセージを受信しても「デスクトップ通知」が表示されない,199797,3,,,,,,
Windows で、「コンピューターを守るためこれらのファイルへのアクセスはブロックされました」表示が出て困る,199817,3,,,,,,
Windows 8 で、Alt+Tabキーを押下したらExplorer.exeがクラッシュする,199846,3,,,,,,
Windows 7 で、暗号化されたフォルダ内文字列が検索されない,199849,3,,,,,,
Windows 7 で、XP Modeで「ようこそ画面」を表示したい,199861,3,,,,,,
Windows 8 で、グラフィックスのメモリが256MBと誤った表示になる,199865,3,,,,,,
Windows 7 で、ログイン時にCtrl+Alt+Deleteを押すようにしたい,199878,3,,,,,,
Windows 7 で、調整しても時刻がずれる,199923,3,,,,,,
Windows 8 で、タッチパネルで　チャームを表示する方法が知りたい,199945,3,,,,,,
Windows 8 の Internet Explorer 10で、スタート画面のIEを、デスクトップ画面のIEへ切り替える方法が知りたい,199958,3,,,,,,
Windows 7 と Windows 8 で、ペイントの[サイズ変更]で全角文字を入力すると桁が逆になる,200354,3,,,,,,
Windows 8 で、プリンタの「オンライン」と「オフライン」を切り替える方法が知りたい,200366,3,,,,,,
Windows 8 にインストールした Word 2010 で「はがき宛名印刷ウィザード」が起動できない,200794,3,,,,,,
Windows 7 で、ライブファイルシステム形式で、CDやDVDにデータを書き込む方法が知りたい,202140,3,202141,2,,,,
Windows 7 で、マスターディスク形式で、CDやDVDにデータを書き込む方法が知りたい,202141,3,202140,2,,,,
Windows 7 で、アプリケーションを強制終了する方法が知りたい,202143,3,,,,,,
Windows 7 で、今すぐバックアップを使ってバックアップしたい,202144,3,202145,2,,,,
Windows 7 で、バックアップしたデータを復元したい,202145,3,202144,2,,,,
Windows 7 で、ファイルを検索したい,202146,3,202155,1,,,,
Windows 7 で、複数のファイルを圧縮したい,202147,3,,,,,,
Windows 7 で、ユーザーアカウントにパスワードをかけたい,202148,3,202149,2,,,,
Windows 7 で、ユーザーアカウントのパスワードを削除したい,202149,3,202148,2,,,,
Windows 7 で、Snipping Toolで画面の一部を画像として保存したい,202150,3,,,,,,
Windows 7 で、タスクバーの通知領域にアイコンを常に表示したい,202151,3,,,,,,
Windows 7 で、コンピューターがスリープ状態になるまでの時間を変えたい,202152,3,217150,1,232581,1,,
Windows 8 で、フォルダーの表示方法を変更する方法が知りたい,202154,3,,,,,,
Windows 8 で、ファイルの検索方法が知りたい,202155,3,202146,1,,,,
Windows 8 で、スタート画面の背景を変更する方法が知りたい,202156,3,211847,1,211845,2,,
Windows 8 で、ピクチャパスワードを設定する方法が知りたい,202157,3,202158,2,202159,2,,
Windows 8 で、ピクチャパスワードを変更する方法が知りたい,202158,3,202157,2,202159,2,,
Windows 8 で、ピクチャパスワードを削除する方法が知りたい,202159,3,202157,2,202158,2,,
Windows 8 で、タッチ キーボードでキーボードの種類を変更する方法が知りたい,202160,3,202161,2,202162,2,,
Windows 8 で、タッチ キーボードで、日本語入力と英語入力を切り替える方法が知りたい,202161,3,202160,2,202162,2,,
Windows 8 で、タッチ キーボードで、記号や絵文字を入力する方法が知りたい,202162,3,202160,2,202161,2,,
Windows 8 で、Microsoft アカウントを新規に作成する方法が知りたい,202163,3,,,,,,
Windows 8 で、Windows Updateを実行する方法が知りたい,202164,3,,,,,,
Windows 8 で、コントロールパネルを開く方法が知りたい,202166,3,,,,,,
Windows 8 で、スタート画面のタイルを削除する方法が知りたい,202167,3,,,,,,
Windows 8 で、タイルをサイズ調整する方法が知りたい,202169,3,197932,2,198094,2,,
Windows 8 で、アプリの追加方法が知りたい,202170,3,202171,2,202172,2,,
Windows 8 で、アプリの更新方法が知りたい,202171,3,202170,2,202172,2,,
Windows 8 で、アプリの削除方法が知りたい,202172,3,202170,2,202171,2,,
Windows 8 で、アプリを検索する方法が知りたい,202174,3,,,,,,
Windows 8 で、ロック画面の画像を変更する方法が知りたい,202175,3,,,,,,
Windows 8 で、バージョンを確認する方法が知りたい,202176,3,,,,,,
Windows 8 で、アプリを切り替える方法が知りたい,202177,3,202180,1,,,,
Windows 8 で、無線LAN接続設定を手動でおこなう方法が知りたい,202178,3,,,,,,
Windows 8 で、アプリを終了する方法が知りたい,202179,3,,,,,,
Windows 8 で、アプリを並べて表示する方法が知りたい,202180,3,202177,1,,,,
Windows 8 で、スタート画面とデスクトップ画面の切り替え方法が知りたい,202181,3,,,,,,
Windows 8 で、タイルのグループにタイトルを付ける方法が知りたい,202182,3,231515,2,,,,
オフィストンネリングキットで、PINコードを忘れた場合の対応方法が知りたい,202561,3,,,,,,
オフィストンネリングキットで、「DoMobileアカウントの利用期間が終了しました」と表示される,202563,3,,,,,,
Windows で、外字を画像ファイルとして保存し、ほかのコンピューターにコピーする方法が知りたい,202807,3,202819,2,202808,2,,
Windows で、他のコンピューターで作成した外字を使用する方法が知りたい,202808,3,202807,2,202819,2,,
Windows で、外字の入力(登録)方法が知りたい,202819,3,202807,2,202808,2,,
Windows 8 で、終了と再起動方法が知りたい,202829,3,,,,,,
Windows 7 で、復元ポイントに使用する容量の変更方法が知りたい,204376,3,,,,,,
Windows で、適用されているホットフィックスを確認する方法が知りたい,204394,3,,,,,,
telnet コマンドが利用できない,205080,3,,,,,,
VPN接続している環境で、共有フォルダへのアクセスが遅い,205081,3,214349,1,,,,
Windows で、指定サイズのファイルを簡単に作成する方法が知りたい,205111,3,,,,,,
Windows 7 で、ペイントで文字を縦書き入力したい,205243,3,,,,,,
イベントログに、予約検索実行時刻に、「Trend Micro Solution Platform サービスは予期せぬ原因により終了しました」というエラーが毎回記録されるが、サービスは正常に稼働している。何か処置する必要ありますか。,205344,3,,,,,,
Windows で、ノートン削除ツールについて知りたい,205908,3,,,,,,
Windows で、マカフィーの個人向け製品専用削除ツールについて知りたい,205909,3,,,,,,
UPS管理ソフトで、1回限りのスケジュール シャットダウン イベントの設定が知りたい,205920,3,,,,,,
Windows で、アッパーバーの出し方が知りたい,206008,3,,,,,,
Windows で、ドメインログオン時に、エラーメッセージが表示されログオンできない,206193,3,,,,,,
Windows 7 と Windows 8 で、画面の右下にマウスを移動するとデスクトップが見えてしまう,206245,3,,,,,,
Windows で、キーボードのショートカットキーが知りたい,206272,3,,,,,,
Windows 8 で、アドオンを無効にして Internet Explorer を起動したい,206603,3,,,,,,
Windows 7で、ネットワークを参照したときにコンピュータの説明を表示させる方法が知りたい,206803,3,,,,,,
MICRO CADAMで、 SII DT-1214 Windows ドライバの設定についての情報が知りたい,207033,3,,,,,,
Windows 7 で、サーバの共有フォルダにファイル作成し、直後にアクセスすると「ファイルが存在しない」とエラーを表示される,207256,3,,,,,,
共有フォルダーの「セキュリティ」タブでドメインの Administrator ユーザーのアイコンが x で表示される,207504,3,,,,,,
ワンコイン ビジネスセキュリティで、管理画面のデバイス一覧のコンピュータ名の隣にされている、２種類のPCのアイコンの違いが知りたい,207548,3,,,,,,
Windows で、タスクマネージャーの起動方法が知りたい,207692,3,,,,,,
移動プロファイル設定時、「ログオフするときにサーバーにコピーされません」のエラー表示される,207937,3,,,,,,
Excel 2013 で、カーソル移動時などの アニメーション を停止する方法が知りたい,208052,3,,,,,,
Windows 7 で、「このWindowsのコピーは正規品ではありません」メッセージが表示される,208504,3,,,,,,
Windows Vista と Windows 7 で、存在するファイルが、インデックス検索でヒットしない,208538,3,,,,,,
Windows 7 で、時刻設定のズレにより共有フォルダ等のネットワークアクセスが出来なくなる,208581,3,,,,,,
Windows で、セキュリティセンター サービスを開始できません,208584,3,,,,,,
コマンドラインから共有ファイルの利用状況を確認する方法が知りたい,208665,3,,,,,,
Power Chute で、シャットダウンタイプについて知りたい,208676,3,,,,,,
Windows 7 または Windows 8 の操作方法が知りたい,209170,3,,,,,,
Windows XP サポート終了において、私のパソコンは対象なのでしょうか？,209402,3,,,,,,
Windows XP サポート終了において、Windows XP のサポートが終了するとどうなるのでしょうか？,209403,3,209404,2,209410,1,,
Windows XP サポート終了において、Windows XP はいつまで使えるのでしょうか？,209404,3,209403,2,209405,2,,
Windows XP サポート終了において、インターネットに接続しなければ大丈夫でしょうか？,209405,3,209404,2,209407,2,,
Windows XP サポート終了において、今持ってるパソコンに Windows 7 または Windows 8 を入れることはできるのでしょうか？,209406,3,,,,,,
Windows XP サポート終了において、セキュリティソフトをインストールしていれば大丈夫でしょうか？,209407,3,209405,2,,,,
Windows XP サポート終了において、新しいパソコンって高いのでしょうか？,209409,3,209414,2,,,,
Windows XP サポート終了において、Windows XP で使っているソフトはもう使えないのでしょうか？,209410,3,209403,1,,,,
Windows XP サポート終了において、データ移行を代行してもらうことは可能でしょうか？,209412,3,209413,1,,,,
Windows XP サポート終了において、Windows XP の移行はどのような作業が必要なのでしょうか？,209413,3,209412,1,,,,
Windows XP サポート終了において、新しいパソコンは何を買えば良いの？　最新は Windows 8？,209414,3,209409,2,,,,
Windows 7 で、Windows XP や Windows Server 2003 で取得したイベントログを開くと、正しく表示されない,209475,3,,,,,,
Windows 8.1 で、他のPCに繋いでいた外付けHDDを、Win8.1に繋げると、ファイルが消える,209477,3,,,,,,
Windows 8.1 で、主にSONY製の製品が、USB充電できない,209479,3,,,,,,
Windows 7 で、タスクバーの表示順序が変わる,209561,3,,,,,,
新しいパソコンへの、その他のデータの移行方法が知りたい,209682,3,,,,,,
Windows XP から、Windows 7 へ、外字を画像ファイルとして保存し、ほかのコンピュータにコピーする方法が知りたい,209703,3,202807,2,,,,
Windows で、「ユーザー プロファイル サービスによるログオンの処理に失敗しました」と表示される,209802,3,,,,,,
Windows XP で使用していたプリンタを、プリンタがLanケーブルでネットワークにつながっている場合に、Windows 7 にセットアップする方法が知りたい。,209813,3,209818,1,,,,
Windows XP で使用していたプリンタを、プリンタがLanケーブルでネットワークにつながっている場合に、Windows 8 にセットアップする方法が知りたい。,209818,3,209813,1,,,,
Windows で、イベントビューアに任意のログを出力する方法が知りたい,209824,3,,,,,,
Windows で、サーバ・PCの不要なデータを完全に削除する方法が知りたい,209901,3,,,,,,
System Recovery で、Recovery point browser を使用したリストア手順について知りたい,209929,3,,,,,,
オフィストンネリングキットで、リモートPC で Internet Explorer 11 に更新後、接続できなくなった,209947,3,,,,,,
Windows 7 と Windows Vistaで、スケジュールされた自動デフラグの解除方法について知りたい,209966,3,,,,,,
Windows で、Windows XP サポート終了により、新たに導入したパソコンのネットワーク環境の再設定方法が知りたい,209986,3,,,,,,
Windows XP で、ネットワークの設定を確認する方法,210165,3,,,,,,
Windows XP で利用していたネットワークドライブを Windows 7 で設定する方法が知りたい,210180,3,210275,1,,,,
Windows 7 で、ネットワークの設定について知りたい,210254,3,210255,1,,,,
Windows 8 で、ネットワークの設定について知りたい,210255,3,210254,1,,,,
Windows XPで利用していたネットワークドライブを Windows 8 で設定する方法が知りたい,210275,3,210180,1,,,,
Windows 7 で、複数ファイルをまとめて印刷した際に順番通りに印刷されない,210292,3,,,,,,
Windows XP で使用していたPC上のデータをバックアップし、入れ替えた Windows 7 に戻す方法が知りたい,210356,3,210357,1,,,,
Windows XP で使用していたPC上のデータをバックアップし、入れ替えた Windows 8 に戻す方法が知りたい,210357,3,210356,1,,,,
Windows 8 で、外字エディターの起動方法が知りたい,210378,3,,,,,,
クライアント管理ツールに関して、Windows XP サポート終了により　Windows 7、Windows 8、Windows 8.1 等への再インストール方法が知りたい,210386,3,,,,,,
Windows XP で、XP 終了のお知らせがポップアップするがどうすればいいか,210401,3,210408,2,,,,
Windows XP サポート終了において、Windows XP 終了のお知らせがポップアップする,210408,3,210401,2,,,,
Windows 7 で、システムエラー発生時の自動再起動の設定を変更する方法が知りたい,210567,3,,,,,,
Windows 7 で、「イベントID：41　ソース:Kernel-Power 「システムは正常にシャットダウンする前に再起動しました」」が発生した時の確認事項が知りたい,210655,3,,,,,,
Windows 7 で、画像データを Windows フォトビューアーで表示したいが、ペイントが立ち上がってしまう,211021,3,,,,,,
認証を受けたドメインコントローラを確認する方法が知りたい,211056,3,,,,,,
1015を超えるセキュリティグループのメンバーとなっているユーザーがログオンできません,211106,3,,,,,,
Windows で、システムドライブ含めたドライブレターの変更方法が知りたい,211107,3,,,,,,
サーバ通報で、ボリュームのマウント確認とアンマウント・削除方法が知りたい,211109,3,,,,,,
Windows で、消してしまった共有フォルダーのファイルを復元したい,211136,3,,,,,,
コマンドプロンプト上でのサービス停止・開始方法が知りたい,211161,3,,,,,,
Windows 7 で、ドメイン参加方法が知りたい,211274,3,211391,1,,,,
Windows 8 または Windows 8.1 で、ドメイン参加方法が知りたい,211391,3,211274,1,,,,
Windows 8 で、Windows 8.1 にアップデートする方法が知りたい,211840,3,,,,,,
Windows 8.1 で、スタートボタンでの画面切り替えとシャットダウンする方法が知りたい,211842,3,198954,2,,,,
Windows 8.1 で、サインイン後にデスクトップ画面を表示する方法が知りたい,211843,3,,,,,,
Windows 8.1 で、スタート画面のタイルの大きさを変更する方法が知りたい,211844,3,198094,2,197932,2,,
Windows 8.1 で、スタート画面の背景をカスタマイズする方法が知りたい,211845,3,211847,1,202156,2,,
Windows 8.1 で、アプリ画面をかんたんに表示する方法が知りたい,211846,3,,,,,,
Windows 8.1 で、デスクトップ画面に設定した背景をスタート画面の背景に表示する方法が知りたい,211847,3,,,,,,
Internet Explorer 11 を以前のバージョンに戻す方法が知りたい,211857,3,,,,,,
Internet Explorer で、互換性タブで「管理者としてこのプログラムを実行する」を有効にできない,212088,3,215977,1,,,,
Windows Server 2008 または Windows Vista で、werxxxxx.tmp.hdmp ファイルを削除する方法が知りたい,212175,3,,,,,,
Windows 7 で、ドライブ名が長くて2行表示になる。そのため、空き領域が表示されないが、どうすればいいか,212243,3,,,,,,
リモートデスクトップ接続のセキュリティ強化方法が知りたい,212258,3,,,,,,
Windows 7 で、外字エディタが起動しない,212385,3,,,,,,
Backup Exec System Recovery、RDX使用でローカルサーバのみのバックアップ環境でホーム画面で要注意の表示になる,212423,3,,,,,,
ダンプファイルによるCドライブの圧迫対応が知りたい,212432,3,,,,,,
OS起動時のスタートアップの停止方法が知りたい,212438,3,,,,,,
Windows XP から Windows 7 へPC入替後、共有フォルダにアクセス出来ない,212552,3,,,,,,
Internet Explorer 脆弱性 セキュリティ更新プログラムの適用方法が知りたい,212563,3,,,,,,
HPのPCで、Z210、8200、6200 など、勝手に起動してしまう,212833,3,,,,,,
"ウイルスバスター2011をインストール後、イベントビューアに「------------------------------------------------svchost (****) 読み取りまたは書き込みのためにファイル""C:\WINDOWS\system32\CatRoot2{127D0A1D-4EF2-11D1-8608-00C04FC295EE}\catdb""を開こうとしましたが、システム エラー 32(0x00000020):""プロセスはファイルにアクセスできません。別のプロセスが使用中です。 ""が発生したため開けませんでした。ファイルを開く処理は、エラー -1032 (0xfffffbf8) のため失敗します。」というエラーが多数記録される。",212879,3,,,,,,
サーバ通報で、 Windows IndexSearch の削除方法が知りたい,212880,3,,,,,,
サーバ通報で、 Windows Update で KB928416 の適用に失敗する,212881,3,,,,,,
Windows 7 で、PC起動時のログオン画面でユーザー名を表示させないようにしたい,213001,3,,,,,,
Windows 7 で、mp4ファイルを、DVDプレーヤーで再生できようにしたい,213002,3,,,,,,
Windows 7 で、印刷中のジョブを強制的に削除する方法が知りたい,213064,3,,,,,,
Windows 8.1 で、ネットワークの場所を変更する方法が知りたい,213067,3,213072,1,,,,
Windows 8 で、ネットワークの場所を変更する方法が知りたい,213072,3,213067,1,,,,
Excel で、 共有ファイルの使用者を知らせる方法について知りたい,213075,3,,,,,,
Windows で、desktop manager のエラーが出る,213091,3,,,,,,
サーバ通報で、 Symantec System Recovery でバックアップの状態を確認すると、バックアップ箇所のアイコンに？マークがついているが、どうすればいいか,213108,3,,,,,,
Windows 8 で、壊れたアイコンキャッシュが原因でフォルダが正しく表示されない場合の対処方法が知りたい,213116,3,,,,,,
Windows で、仮想メモリの実体ファイルを確認する方法が知りたい,213139,3,,,,,,
Windows で、Virtual Disk Service エラーが出る,213170,3,,,,,,
Windows で、別マシンのイベントログを確認する方法が知りたい,213191,3,,,,,,
Windows で、「コンピュータをドメインに参加できませんでした。このドメインに作成できるコンピュータ アカウントの最大数を超えています。システム管理者に問い合わせて制限をリセットするか、または増やしてください」と表示されて、ドメインに参加できない,213200,3,,,,,,
Windows で、省電力モード時、他PCからの接続が出来ない,213205,3,,,,,,
Windows 7 で、読み取り専用になってしまい、ファイルの編集や変更ができない,213442,3,,,,,,
Windows で、「このワークステーションとプライマリ ドメインとの信頼関係に失敗しました」のエラーについて知りたい,213842,3,,,,,,
Windows で、ファイルやフォルダの更新日時、作成日時変更のルールが知りたい,213888,3,,,,,,
Windows 7 で、スリープとハイブリッドスリープの違いについて知りたい,213901,3,231753,2,217155,2,,
Windows 7 で、WindowsUpdateで更新プログラムダウンロード後、シャットダウンボタンに！マークがつく,214001,3,,,,,,
Windows 7 で、コンピューターの構成に関する情報が表示されません。,214011,3,,,,,,
Windows 7 で、互換性タブ内がグレーアウトして操作できない,214030,3,,,,,,
Windows 7 で、インターネットショートカットをタスクトレイに保存する方法が知りたい,214032,3,,,,,,
Microsoft Office で、ネットワーク上の場所にあるファイルを開く際に Office プログラムの動作が遅いか、応答を停止したように見える,214349,3,205081,1,,,,
リターンコードの調べ方が知りたい,214362,3,,,,,,
Windows 7 で、ライブラリフォルダが破損して「”Documents.library-ms” は現在機能していません。」メッセージが表示される,214556,3,,,,,,
Windows で、パソコン起動時に「SMART機能でエラーが・・・」とメッセージが表示される場合の対処方法が知りたい,214741,3,,,,,,
Windows 7 で、ライブラリの対象フォルダーを表示する方法が知りたい,214743,3,,,,,,
Windows で、エアロスナップ、エアロシェイクの有効化、無効化の設定手順について知りたい,214745,3,,,,,,
Windows 7 で、無線LAN接続、有線LAN接続が混在する際にどちらかを優先させたい,214747,3,,,,,,
Windows Server で、時刻同期をドメイン階層で行うように設定したい,214912,3,,,,,,
ローカルPC または、サーバに登録されているユーザー名アカウント一覧を印刷する方法が知りたい,215341,3,,,,,,
ローカルPC または、サーバのユーザーグループに登録されているユーザー名(アカウント)一覧を印刷する方法が知りたい,215342,3,215344,2,,,,
■Windowsログのリターンコードの内容を確認する方法。,215344,3,215342,2,,,,
]シャットダウンを実施しても再起動になるが、どうすればいいか,215357,3,,,,,,
Windows 7 で、TIFF IFilterを利用しtiffファイル内の文字を認識して検索したい,215901,3,,,,,,
Windows 7 で、Internet Explorer の[互換性]タブ内がグレーアウトして[管理者として実行]ができない,215977,3,212088,1,,,,
Windows で、Windows Media Center TV Pack で、インターネットを通じて番組情報を取得後にキーワードを入力して番組検索をすると、検索結果が表示されない場合がある,216202,3,,,,,,
Windows で、2TB以上のHDDを使用する場合の注意点が知りたい,216456,3,,,,,,
AutoCAD 2000 で、システムプリンタDJ750CのPC3設定が出来ないときの対処法が知りたい,216459,3,,,,,,
Windows で、リモートデスクトップ接続時に便利なショートカットが知りたい,216496,3,,,,,,
Windows 7 で、スタートアップ修復画面が出たときの対処方法が知りたい,216520,3,,,,,,
Windows 7 で、エラー回復処理が出て、Windowsが起動しないときの対処方法が知りたい,216521,3,,,,,,
Windows で、無線LAN接続についての基本設定方法が知りたい,216564,3,,,,,,
コネクテッド・スタンバイ Connected Standby が Windows 8.1 にみつからない,216575,3,,,,,,
Windows で、各OSに搭載されているIISバージョンについて知りたい,216583,3,,,,,,
Windows 8.1 で、パソコンを省電力に設定して節電する方法が知りたい,217146,3,,,,,,
Windows 8.1 で、ディスプレイの明るさを調整する方法が知りたい,217147,3,217148,1,,,,
Windows 8.1 で、ディスプレイが自動で暗くなる時の画面の明るさを変更する方法が知りたい,217148,3,217147,1,,,,
Windows 8.1 で、ディスプレイの電源が自動で切れる時間を変更する方法が知りたい,217149,3,217150,2,,,,
Windows 8.1 で、パソコンが自動でスリープ状態になる時間を変更する方法が知りたい,217150,3,217149,2,232581,1,,
Windows 8.1 で、電源プランの設定を既定に戻す方法が知りたい,217151,3,,,,,,
Windows 8.1 で、スクリーンセーバーを解除する方法が知りたい,217152,3,,,,,,
Windows 8.1 で、オリジナルの電源プランを作成する方法が知りたい,217153,3,217154,2,,,,
Windows 8.1 で、オリジナルの電源プランを削除する方法が知りたい,217154,3,217153,2,,,,
Windows 8.1 で、ハイブリットスリープを有効に設定する方法が知りたい,217155,3,213901,2,231753,2,,
Windows 8.1 で、無線LANアクセスポイントに接続する方法が知りたい,217156,3,,,,,,
Windows 8.1 で、Microsoft アカウントを新規に作成する方法が知りたい,217157,3,,,,,,
Windows 8.1 で、Windows Update を手動で実行する方法が知りたい,217158,3,,,,,,
Windows 8.1 で、アプリをスタート画面にピン留めする方法が知りたい,217159,3,,,,,,
Windows 8.1 で、ファイルの検索方法が知りたい,217160,3,,,,,,
Windows 8.1 で、ユーザーアカウントを追加する方法が知りたい,217161,3,217162,1,217163,1,217164,1
Windows 8.1 で、ユーザーアカウントのパスワードを削除する方法が知りたい,217162,3,217161,1,,,,
Windows 8.1 で、ユーザーアカウントの画像を変更する方法が知りたい,217163,3,217161,1,217164,2,,
Windows 8.1 で、ユーザーアカウントの種類を変更する方法が知りたい,217164,3,217161,1,217163,2,,
サーバ通報で、「ライセンス認証 (slui.exe) が失敗しました」の対応について知りたい,217524,3,,,,,,
Windows 7 で、「デスクトップウィンドウマネージャーで致命的なエラーが発生しました」が発生する,217593,3,,,,,,
Windows で、読み取りできないファイルの削除方法が知りたい,217629,3,,,,,,
Windows 7 で、ドメインにログオンできない,217694,3,,,,,,
Windows 7 で、本支店間ネットワークで、シングルラベルドメインに参加できない,217930,3,,,,,,
Windows 7 で、ファイル検索でヒットしない単語を検索する方法が知りたい,218174,3,,,,,,
Windows 7 で、デスクトップに突然ホームグループアイコンが表示される,218394,3,,,,,,
Windows で、Internet Explorer を起動すると「オフラインでは使用できないWEBページ」という表示が出てWEBページが表示されない。,218737,3,,,,,,
Windows 7 で、「ホームグループ」の作成方法が知りたい,218804,3,218831,2,218833,2,,
Windows 7 で、「ホームグループ」に参加する方法・再接続する方法が知りたい,218831,3,218804,2,218833,2,,
Windows 7 で、「ホームグループ」の参加を終了する方法が知りたい,218833,3,218804,2,218831,2,,
Windows 7 で、「ホームグループ」のパスワードを変更する方法が知りたい,218834,3,218804,2,218846,2,,
Windows 7 で、「ホームグループ」のパスワードを確認する方法が知りたい,218846,3,218804,2,218834,2,,
Windows で、iPhoneでテザリングしようとしてもアクセスポイントの一覧に表示されない,218898,3,,,,,,
Windows で、ネットワーク関連のトラブルについて知りたい,219043,3,,,,,,
Windows 7 で、Aero関連のメニューが表示されない,219288,3,,,,,,
Windows 7 で、アイコンキャッシュのクリア方法が知りたい,221156,3,,,,,,
Windows 7 で、手動で行ったネットワークドライブの接続の設定を削除したい。,221157,3,,,,,,
Windows 8 で、起動用アカウントのパスワードがわからなくなった。,221159,3,,,,,,
Windows 7 で、デフォルトゲートウェイが2つあり、インターネットに接続できない。,221296,3,,,,,,
Windows 8 または Windows 8.1 で、スタートアッププログラムを無効化したい,221377,3,,,,,,
Windows で、WSUSの動作が上手くいかない際の対処法が知りたい,221748,3,,,,,,
Windows で、「パフォーマンスが低下しています」「クラッシュ寸前です」等の警告が表示される,221891,3,,,,,,
Windows Server 2008 で、Schannel イベントID:36884の対処について知りたい,222096,3,,,,,,
Windows で、MacOSで作成した4GB以上のファイルを、WindowsのPCに転送する方法が知りたい,222135,3,,,,,,
Windows 8.1 で、ホームグループを作成する方法が知りたい,222220,3,222224,2,222225,2,,
Windows 8.1 で、ホームグループに参加する方法が知りたい,222224,3,222220,2,222225,2,,
Windows 8.1 で、ホームグループの参加をやめる方法が知りたい,222225,3,222220,2,222224,2,,
Windows 8.1 で、ホームグループのパスワードを確認する方法が知りたい,222226,3,222220,2,,,,
Windows 8 で、システムの復元の方法が知りたい,222244,3,,,,,,
Windows 8 で、セットアップ時にMicrosoftアカウントを使わずにローカルアカウントでセットアップしたい。,222254,3,,,,,,
Windows Server 2012で、プロダクトキーの登録方法が知りたい,222612,3,,,,,,
Windows 7 で、ファイルサーバへの接続が不安定だが、どうすればいいか,222939,3,,,,,,
Windows 8 で、高速スタートアップを無効にする方法が知りたい,222963,3,,,,,,
Windows 8 で、ファイル/フォルダ削除時に警告ダイアログを表示させる方法が知りたい,222965,3,,,,,,
Windows Server 2012 で、共有フォルダのアクセス権を同じアクセス権に設定する方法が知りたい,223752,3,,,,,,
Office365 で、Outlookプロファイルの再作成方法が知りたい,223821,3,,,,,,
Internet Explorer で、 2015/2/21にノートン利用環境でクラッシュする,223858,3,,,,,,
Windows 8.1 で、無効になっている Windows Defender  を有効にする方法が知りたい,223874,3,223876,1,,,,
Windows 8.1 で、ウイルス対策ソフトをWindows Defender から他のソフトウェアに変更にする方法が知りたい,223876,3,223874,1,,,,
Windows Server で、マイネットワークにドメインのメンバーサーバが表示されない,223885,3,,,,,,
Office365 で、Windows 7 環境で 365 ProPlus をインストールしたあとに発生する日本語入力の現象について知りたい,227685,3,,,,,,
Office365 で、無償のMicrosoft Office IME 2010 を入手する方法が知りたい,227689,3,,,,,,
Windows 7 で、自動ログオンで起動する方法が知りたい,227901,3,228151,1,,,,
Windows 7 で、ユーザーアカウントを追加する方法が知りたい,228149,3,,,,,,
Windows 8 で、自動ログオンで起動する方法が知りたい,228151,3,227901,1,,,,
Internet Explorerで、右クリック禁止のサイトで、右クリックを有効にする方法が知りたい,228169,3,,,,,,
Windows Server 2003 で、Logical Disk Manager Administrative Service のサービスエラーが発生する,228180,3,,,,,,
インターネットに繋がらない際の切り分けポイントが知りたい,228508,3,,,,,,
Windows で、移動プロファイルを使用しているユーザでログオンしようとすると、ログオンまでに長い時間がかかる,228852,3,,,,,,
laplinkで、お客様とリモート切断後、お客様画面の背景色、壁紙が元に戻らない。,228925,3,,,,,,
CATIAで、 Windows Update 更新のタイミングを変更する方法が知りたい,229244,3,229245,2,,,,
CATIAで、 Windows Update で特定の更新プログラムをアップデートさせない方法が知りたい,229245,3,229244,2,,,,
Windows XP で、サービス開始時に発生するエラーメッセージ「イベント ID: 7000 または 7013」について知りたい,229344,3,,,,,,
Windows 8 で、タイルのInternet Explorer とデスクトップのInternet Explorer でお気に入りを共用する方法が知りたい,229426,3,,,,,,
Windows 8 で、タイルの Internet Explorer でアプリバーを表示させる方法が知りたい,229429,3,,,,,,
Windows で、「Thumbs.db」の作成を無効にする方法が知りたい,229433,3,,,,,,
Windows 7 で、パーティションを分割する操作手順が知りたい,229454,3,,,,,,
Windows Server 2008 で、リモートデスクトップライセンスの確認方法が知りたい,229503,3,,,,,,
Windows で、キャッシュログオンしているかどうかの確認方法が知りたい,229577,3,,,,,,
Windows 7 で、IPv4で、PCでMTU値の変更を行う方法が知りたい,229642,3,,,,,,
Windows 10 で、 無償アップグレード等のまとめ情報がほしい,230010,3,,,,,,
Windows 7 および Windows 8.1 で、 Windows 10 更新の案内通知が表示される,230123,3,230632,2,230125,2,,
Windows 7 および Windows 8.1 で、Windows 10 更新予約の取り消し方法が知りたい,230125,3,230123,1,,,,
Windows 8.1 および Windows Server 2012 R2 で、デフラグ実行時に「ボリューム Volume{xxx}\ は最適化されませんでした」のエラーが発生する,230126,3,,,,,,
Windows 7 環境の Internet Explorer のサポートライフサイクルについて知りたい,230320,3,,,,,,
Windows 7 で、個人用フォルダ(ユーザープロファイル)の初期化方法が知りたい,230360,3,,,,,,
Windows 7 および Windows 8.1 で、Windows 10 更新の案内通知について知りたい,230632,3,230123,2,,,,
Windows 10 で、 アップグレートしたPCを元のOSに戻す方法が知りたい,230937,3,,,,,,
Windows 10 で、 [タスクビュー]ボタンを表示/非表示する方法が知りたい,230938,3,,,,,,
Windows 10 で、 検索ボックスの表示を切り替える方法が知りたい,230940,3,,,,,,
Windows 10 で、 ビルド番号を確認する方法が知りたい,230947,3,,,,,,
Windows 10 で、 従来のコントロールパネルを開く方法が知りたい,230950,3,231197,1,268486,1,,
Windows 7 および Windows 8.1 で、Windows 10 更新の案内通知が表示されない,230954,3,230123,1,,,,
Windows 10 で、 デスクトップにアプリケーションのショートカットを置く方法が知りたい,230963,3,230964,1,,,,
Windows 10 で、 デスクトップに[コンピュータ]などのシステムアイコンを表示する方法が知りたい,230964,3,230963,1,,,,
Windows 10 で、 Windows 8のスタート画面に切り替えたい,230969,3,,,,,,
Windows 10 で、 初期化したい,230975,3,230976,1,231036,1,,
Windows 10 で、 Windows 10の無償アップグレードでクリーンインストールは可能か？,230976,3,230975,1,,,,
Windows 10 で、 ドメイン参加中のWindows 7/8.1 Proは無償アップブレードの対象？,230984,3,,,,,,
Windows 10 で、 アップグレードの自動ダウンロードを延期させる方法が知りたい,230987,3,230125,1,,,,
Windows 10 で、 アップグレードを別のドライブ、パーティションを指定することはできるか,230988,3,,,,,,
Windows 10 で、 未使用のWindowsライセンスは無償アップグレードの対象になるか,230989,3,,,,,,
Windows 10 はどの言語で提供されますか？,230995,3,,,,,,
Windows 10 で、 アップグレードすると元のWindowsはどうなってしまうのか,230996,3,,,,,,
Windows 10 で、 Windows 10の各エディションと比較が知りたい,230998,3,,,,,,
Windows 10 で、 Windows 10 で追加された新機能が知りたい,230999,3,,,,,,
Windows 10 で、 アップグレードしたら失う機能はあるのか,231001,3,,,,,,
Windows 10 にはWindows XP Modeはあるのか,231002,3,231033,1,,,,
Windows 10 で対応している Microsoft Office のバージョンを知りたい,231003,3,,,,,,
Windows 10 で、 Windows 10 にOfficeが無料で付いてくるのか,231004,3,,,,,,
Windows 10 で、 動作条件が知りたい,231006,3,,,,,,
Windows 10 で、 空き領域が足りなくてもWindows 10にアップグレードできるか,231009,3,,,,,,
Windows 10 で、 Windows RT から Windows 10 にアップグレードできるか,231010,3,,,,,,
Windows 10 で、 Internet Explorer の起動方法が知りたい,231013,3,,,,,,
Windows 10 で、 メモリはどれくらい搭載できるのか,231031,3,,,,,,
Windows Server 2012 で、フォルダーリダイレクト、オフラインファイル、移動ユーザープロファイルの概要が知りたい,231032,3,,,,,,
Windows 10 で、 Internet Explorer は新しい Microsoft Edge に取り換えられるのか,231033,3,,,,,,
Windows 10 で、 Windows XP互換モードはあるのか,231034,3,231002,1,,,,
Windows 10 で、 ハードディスクを交換・初期化しても Windows 10 は使用できるのか,231036,3,230975,1,,,,
Windows 10 で、 Windows Server 2003のドメインに参加できるのか,231059,3,,,,,,
Windows 10 で、 ハードウェア関連の各メーカーの対応状況の一覧が見たい,231063,3,,,,,,
Windows 10 で、 無償アップグレードを予約した場合、7/29にアップグレードできるのか,231064,3,,,,,,
Windows 10 で、 コントロールパネルを開く方法が知りたい,231197,3,268486,2,230950,2,,
Windows 10 で、 Windows 10の終了と再起動方法が知りたい,231198,3,,,,,,
Windows 10 で、 IPアドレスが取得できているか確認する方法が知りたい,231199,3,231201,1,,,,
Windows 10 で、 無線LAN接続設定を手動でおこなう方法が知りたい,231200,3,,,,,,
Windows 10 で、 IPアドレスを設定する方法が知りたい,231201,3,231199,1,,,,
Windows 10 で、 無線LANアクセスポイントに接続する方法が知りたい,231203,3,,,,,,
Windows 10 で、 仮想デスクトップで複数のデスクトップを作成・削除する方法が知りたい,231204,3,231205,1,,,,
Windows 10 で、 仮想デスクトップの表示の切り替え・アプリを移動する方法が知りたい,231205,3,231204,1,,,,
Windows 10 で、 無線LAN機能のオン/オフを切り替える方法が知りたい,231503,3,,,,,,
Windows 10 で、「メール」アプリでメール アカウントを削除する方法が知りたい,231504,3,231505,1,,,,
Windows 10 で、「メール」アプリでアカウントを設定する方法が知りたい,231505,3,231504,1,,,,
Windows 10 で、 ライブタイルをオン・オフに設定する方法が知りたい,231506,3,,,,,,
Windows 10 で、 スタート画面のタイルを削除する方法が知りたい,231507,3,231514,1,,,,
Windows 10 で、 アプリをスタート画面にピン留めする方法が知りたい,231508,3,,,,,,
Windows 10 で、 デスクトップの背景を変更する方法が知りたい,231511,3,,,,,,
Windows 10 で、 スタート画面のタイルを並び替える方法が知りたい,231514,3,231507,1,,,,
Windows 10 で、 タイルのグループにタイトルを付ける方法が知りたい,231515,3,202182,2,,,,
Windows 10 で、 タイルをサイズ調整する方法が知りたい,231516,3,,,,,,
Windows 10 で、 タイルのグループを作成する方法が知りたい,231517,3,231515,1,,,,
Windows Vista、Windows 7、Windows 8、Windows 8.1、Windows 10 で、 PINGコマンドを実行する方法が知りたい,231700,3,,,,,,
Windows 10 で、「メール」アプリで新着メールを通知する方法が知りたい,231735,3,,,,,,
Windows 10 で、「メール」アプリで署名を設定する方法が知りたい,231736,3,231739,1,,,,
Windows 10 で、「メール」アプリでメールを転送する方法が知りたい,231737,3,231738,2,231739,2,,
Windows 10 で、「メール」アプリでメールを返信する方法が知りたい,231738,3,231737,2,231739,2,,
Windows 10 で、「メール」アプリでメールを送信する方法が知りたい,231739,3,231737,2,231738,2,,
Windows 10 で、 Microsoft アカウントを新規に作成する方法が知りたい,231740,3,,,,,,
Windows 10 で、 デスクトップテーマを変更する方法が知りたい,231741,3,231742,1,,,,
Windows 10 で、 スタートメニューのデザインを変更する方法が知りたい,231742,3,231741,1,,,,
Windows 10 で、 ロック画面の画像を変更する方法が知りたい,231743,3,,,,,,
Windows 10 で、 ロック画面に表示させる通知の設定方法が知りたい,231744,3,,,,,,
Windows 10 で、 使用する言語を追加する方法が知りたい,231745,3,,,,,,
Windows 10 で、 タッチ キーボードを使用する方法が知りたい,231746,3,,,,,,
Windows 10 で、 パソコンをロックする方法が知りたい,231747,3,,,,,,
Windows 10 で、 ファイル名を変更する方法が知りたい,231749,3,231751,2,,,,
Windows 10 で、 ファイルの関連付けを変更する方法が知りたい,231750,3,231749,1,,,,
Windows 10 で、 ファイルのコピーと移動方法が知りたい,231751,3,231752,1,,,,
Windows 10 で、 ファイルを開く方法が知りたい,231752,3,231751,1,,,,
Windows 10 で、 ハイブリットスリープを有効に設定する方法が知りたい,231753,3,213901,2,217155,2,,
Windows 10 で、 オリジナルの電源プランを削除する方法が知りたい,231754,3,231755,2,,,,
Windows 10 で、 オリジナルの電源プランを作成する方法が知りたい,231755,3,231754,2,,,,
Windows Server 2008 で、レジストリ・キーの最終更新日時を確認する方法が知りたい,231847,3,,,,,,
Windows Server 2008 で、良く使用するレジストリを素早く開きたい,231848,3,,,,,,
Windows 10 で、パソコンの電源をシャットダウンする方法が知りたい,231849,3,198954,1,211842,1,,
Windows 10 で、 PINを削除する方法が知りたい,231870,3,231872,2,231871,2,,
Windows 10 で、 PINを変更する方法が知りたい,231871,3,231872,2,231870,2,,
Windows 10 で、 PINを設定する方法が知りたい,231872,3,231871,2,231870,2,,
Windows 10 で、 ユーザーアカウントを切り替える方法が知りたい,231873,3,231874,2,,,,
Windows 10 で、 ユーザーアカウントを削除する方法が知りたい,231874,3,231873,2,,,,
Windows 10 で、 ユーザーアカウントのパスワードを変更する方法が知りたい,231875,3,231874,2,231873,1,,
Windows 10 で、 ファイルの検索方法が知りたい,231877,3,,,,,,
Windows 10 で、 デスクトップにアイコンを表示する方法が知りたい,231878,3,,,,,,
Windows 10 で、 アプリの起動と終了方法が知りたい,231880,3,,,,,,
Windows 10 で、 アプリの通知をオン・オフに設定する方法が知りたい,231881,3,,,,,,
Windows 10 で、 ファイルを保存する方法が知りたい,231882,3,,,,,,
Windows 10 で、 アプリを並べて表示する方法が知りたい,231883,3,231884,1,,,,
Windows 10 で、 アプリを切り替える方法が知りたい,231884,3,231883,1,,,,
Windows 10 で、 バージョンを確認する方法が知りたい,231886,3,,,,,,
Windows 10 で、 IME辞書のエクスポートとインポート方法が知りたい,231888,3,,,,,,
Windows 8.1 で、タブレットで画面の回転を禁止して、固定する方法が知りたい,231899,3,,,,,,
Windows 8.1 で、タブレットで画面の明るさを変更したい,231900,3,,,,,,
Windows Server 2008 で、フォルダリダイレクト環境にて Microsoft IME を利用するアプリケーションが応答しなくなる,231914,3,,,,,,
Windows で、Windows Updateでインストールしない更新プログラムを非表示にする方法が知りたい,231985,3,,,,,,
Windows 7 で、ドメインにログオンしようとすると、エラーがでてログオンできない際の対処法が知りたい,232427,3,,,,,,
Windows 10 で、 スクリーンセーバーを解除する方法が知りたい,232579,3,232586,2,,,,
Windows 10 で、 電源プランの設定を既定に戻す方法が知りたい,232580,3,,,,,,
Windows 10 で、 パソコンが自動でスリープ状態になる時間を変更する方法が知りたい,232581,3,232582,2,217150,1,,
Windows 10 で、 ディスプレイの電源が自動で切れる時間を変更する方法が知りたい,232582,3,232581,2,232583,2,,
Windows 10 で、 ディスプレイが自動で暗くなる時の画面の明るさを変更する方法が知りたい,232583,3,232582,2,232584,1,,
Windows 10 で、 ディスプレイの明るさを調整する方法が知りたい,232584,3,,,,,,
Windows 10 で、 パソコンを省電力に設定する方法が知りたい,232585,3,,,,,,
Windows 10 で、 スクリーンセーバーを設定する方法が知りたい,232586,3,232579,2,,,,
Microsoft Edge で、Webノート作成方法が知りたい,232588,3,,,,,,
Windows 10 で、写真とビデオのインポートを使った画像ファイルの取り込みが知りたい,232667,3,,,,,,
Windows 10 で、パブリックネットワークとプライベートネットワークを切り替える方法が知りたい,233121,3,,,,,,
Windows 10 で、パスワード保護共有の無効設定が知りたい,233122,3,,,,,,
Windows Server 2012 および Windows Server 2008 で、グループポリシーで Windows 10 の無償アップグレードを制御する方法が知りたい,233576,3,,,,,,
Internet Explorer 起動時に保護モードの警告が表示される,233689,3,,,,,,
2015年11月の Windows Update 適用後に Office の動作が不安定になる,233695,3,,,,,,
Windows 10 で、「メール」アプリでBCCの入力欄を表示させる方法が知りたい,233753,3,233754,2,,,,
Windows 10 で、「メール」アプリで複数の送信先を選択する方法が知りたい,233754,3,233753,2,,,,
Windows 10 で、 Windows Updateの自動更新で行われる再起動を通知する方法が知りたい,233755,3,,,,,,
Windows 10 で、 ピクチャ パスワードを削除する方法が知りたい,233756,3,233757,2,233758,2,,
Windows 10 で、 ピクチャ パスワードを変更する方法が知りたい,233757,3,233756,2,233758,2,,
Windows 10 で、 ピクチャパスワードを設定する方法が知りたい,233758,3,233756,2,233757,2,,
Windows 10 で、 Windows Updateを手動で実行する方法が知りたい,233759,3,,,,,,
Microsoft Edge で、既定の検索プロバイダーを変更する方法が知りたい,233760,3,,,,,,
Windows 10 で、 スタートメニューの各部名称について知りたい,233761,3,,,,,,
Windows 10 で、 接続先の資格情報を保存、削除する方法が知りたい,233763,3,,,,,,
Windows 10 で、 アクションセンターについて知りたい,233764,3,,,,,,
Windows 10 で、 スタートメニューを全画面表示にする方法が知りたい,233765,3,,,,,,
Microsoft Edge で、ホームボタンを表示する方法が知りたい,233766,3,,,,,,
Microsoft Edgeで、読み取りビューで表示する方法が知りたい,233767,3,,,,,,
Windows 10 で、 以前のWindowsのOSに戻す方法が知りたい,233768,3,,,,,,
Windows 10 で、 ルーターのボタンを使って無線接続する方法が知りたい,233770,3,,,,,,
Windows 7 で、KB3035583をアンインストールしてWindows 10への無償アップデート画面を削除したい,234217,3,,,,,,
Windows 7 および Windows 8.1で、「Windows 10 にアップグレード」画面が表示される,234218,3,230123,2,230632,2,,
Windows 7 で、インストールされた更新プログラムを削除する方法が知りたい,234534,3,,,,,,
Internet Explorer で、起動時に Internet Explorer 11入手の別ページが開く,235033,3,,,,,,
Windows 10 で、セーフモードで起動する方法が知りたい,235394,3,,,,,,
Windows 10 で、 DC/DVDドライブが　！マークで認識しない,251673,3,,,,,,
Windows 7 および Windows 8.1で、Windows 10 のアップグレード直前の状態からアップグレードを回避する方法が知りたい,268196,3,268197,2,234218,1,,
Windows 7 および Windows 8.1で、Windows 10 のアップグレードプログラムを Windows Update から非表示にする方法が知りたい,268197,3,268196,2,234218,1,,
様々なファイルが[locky]や[vvv][mp3]等の拡張子に変更され開くことが出来ない,268293,3,268664,2,268665,2,,
覚えのない添付ファイル付の不審なメールを受信した,268411,3,,,,,,
Windows 10 で、 コントロールパネルの開き方が知りたい,268486,3,231197,2,230950,1,,
ランサムウェアに感染しない為の予防策や対策を教えてください,268603,3,,,,,,
ランサムウェア「Locky」簡易問診票,268624,3,,,,,,
ランサムウェアはどのような経路で侵入してくるのですか？,268661,3,,,,,,
ランサムウェアに感染するとどのような動作を行うのですか？,268662,3,,,,,,
ランサムウェアに感染した場合の対処はどのようにすればいいですか？,268663,3,,,,,,
ランサムウェアで、メールソフトにより、同じメールを受信しても検出がかかる場合とかからない場合があるか,268664,3,268293,2,,,,
ランサムウェアで、迷惑メールフィルタが利かない、ウイルス対策ソフトで検出されない,268665,3,268293,2,,,,
ランサムウェアで、暗号化されたデータを戻す事は出来ないのか？,268666,3,268293,2,,,,
ランサムウェアで、怪しいメールを受信時にウイルス検出をして「隔離」と出ていたが問題ないか？,268667,3,268293,2,,,,
意図せず Windows 10 にアップグレードされてしまう,268770,3,,,,,,
Windows 7 および Windows 8.1で、Windows 10 アップグレードのスケジュールを取り消す方法が知りたい,268779,3,230125,2,234218,1,,